8313100160152636,06/20/2011 12:38:24 AM,EISPRA|OLRBOOST|OLRSTAND|OVRVOIP
8313300310148803,06/20/2011 02:53:20 AM,EISPRA|OLRBOOST|OLRSTAND|OVRVOIP
8313300110422358,06/20/2011 02:26:21 PM,EISPRA|OLRBOOST|OLRSTAND|OVRVOIP
8313200970297173,06/20/2011 02:30:39 PM,EISPRA|OLRBOOST|OLRSTAND|OVRVOIP
8313200170125489,06/20/2011 02:32:37 PM,EISPRA|OLRBOOST|OLRSTAND|OVRVOIP
8313300710325423,06/20/2011 02:48:06 PM,EISPRA|OLRBOOST|OLRSTAND|OVRVOIP
8313200210001070,06/20/2011 03:03:38 PM,EISPRA|OLRBOOST|OLRSTAND|OVRVOIP
8313200110272649,06/20/2011 03:07:51 PM,EISPRA|OLRBOOST|OLRSTAND|OVRVOIP
8313200470003881,06/20/2011 03:09:13 PM,EISPRA|OLRBOOST|OLRSTAND|OVRVOIP
8313100770006511,06/20/2011 03:12:31 PM,EISPRA|OLRBOOST|OLRSTAND|OVRVOIP
8313200920105534,06/20/2011 03:17:54 PM,EISPRA|OLRBOOST|OLRSTAND|OVRVOIP
8313200010240563,06/20/2011 03:28:37 PM,EISPRA|OLRBOOST|OLRSTAND|OVRVOIP
8313300440001021,06/20/2011 03:29:22 PM,EISPRA|OLRBOOST|OLRSTAND|OVRVOIP
8313200410031000,06/20/2011 03:50:47 PM,EISPRA|OLRBOOST|OLRSTAND|OVRVOIP
8313100010119488,06/20/2011 04:02:27 PM,EISPRA|OLRBOOST|OLRSTAND
8313200010732213,06/20/2011 04:21:50 PM,EISPRA|OLRBOOST|OLRSTAND|OVRVOIP
8313200170312582,06/20/2011 04:42:09 PM,EISPRA|OLRBOOST|OLRSTAND
8313200110507887,06/20/2011 04:46:18 PM,EISPRA|HOMENETW|OLRBOOST|OLRSTAND
8313200710636003,06/20/2011 04:59:54 PM,EISPRA|OLRBOOST|OLRSTAND
8313300210215314,06/20/2011 05:09:17 PM,EISPRA|OLRBOOST|OLRSTAND
8313200710707630,06/20/2011 05:11:36 PM,EISPRA|OLRBOOST|OLRSTAND
8313300410013733,06/20/2011 05:30:52 PM,EISPRA|OLRBOOST|OLRSTAND
8313200020045002,06/20/2011 05:31:16 PM,EISPRA|OLRBOOST|OLRSTAND|OVRVOIP
8313200980264312,06/20/2011 05:39:33 PM,EISPRA|OLRBOOST|OLRSTAND
8313201000162627,06/20/2011 05:42:24 PM,EISPRA|OLRBOOST|OLRSTAND
8313300230141128,06/20/2011 05:50:50 PM,EISPRA|OLRBOOST|OLRSTAND
8313200170312582,06/20/2011 06:00:07 PM,EISPRA|OLRBOOST|OLRSTAND
8313200410230867,06/20/2011 06:01:10 PM,EISPRA|OLRBOOST|OLRSTAND
8313100220175452,06/20/2011 06:08:02 PM,EISPRA|OLRBOOST|OLRSTAND
8313200410709043,06/20/2011 06:19:59 PM,EISPRA|OLRBOOST|OLRSTAND
8313100040096532,06/20/2011 06:59:06 PM,EISPRA|OLRBOOST|OLRSTAND|OVRVOIP
8313300810217116,06/20/2011 07:12:19 PM,EISPRA|OLRBOOST|OLRSTAND
8313200710636003,06/20/2011 07:31:00 PM,EISPRA|HOMENETW|OLRBOOST|OLRSTAND
8313300310570386,06/20/2011 08:28:22 PM,EISPRA|OLRBOOST|OLRSTAND
8313200010421544,06/20/2011 08:51:12 PM,EISPRA|OLRBOOST|OLRSTAND
8313300210751250,06/20/2011 08:55:14 PM,EISPRA|OLRBOOST|OLRSTAND
8313100770096231,06/20/2011 09:14:46 PM,EISPRA|OLRBOOST|OLRSTAND
8313100220269966,06/20/2011 09:30:05 PM,EISPRA|OLRBOOST|OLRSTAND|OVRVOIP|WORLDCLL
8313200410668819,06/20/2011 09:49:00 PM,EISPRA|OLRBOOST|OLRSTAND
8313200310399507,06/20/2011 10:23:45 PM,EISPRA|OLRBOOST|OLRSTAND
8313200170372925,06/20/2011 11:40:18 PM,EISPRA|OLRBOOST|OLRSTAND
8313300710232454,06/20/2011 11:48:51 PM,EISPRA|OLRBOOST|OLRSTAND
8313200720145623,06/20/2011 11:52:43 PM,EISPRA|OLRBOOST|OLRSTAND
